public/app/uploads/external/374034ee-VPpflL4ouy-CcOvSj1wqiaCcGUR0ASI3PJYzlsUds2ydFwmJKzt4aCOI2rW0,public/app/uploads/external/374034ee-VPpflL4ouy-CcOvSj1wqiaCcGUR0ASI3PJYzlsUds2ydFwmJKzt4aCOI2rW0.png
public/app/uploads/external/669ff5d5-ri-oakrr-exterior-21287_Classic-Hor,public/app/uploads/external/669ff5d5-ri-oakrr-exterior-21287_Classic-Hor.jpg
public/app/uploads/external/44240155-_gh365TlKxQ2BY1j5VlUIAHCk-qf8OXJGlCSYcsPwZuT7hiVMiqa9vgFOldG,public/app/uploads/external/44240155-_gh365TlKxQ2BY1j5VlUIAHCk-qf8OXJGlCSYcsPwZuT7hiVMiqa9vgFOldG.png
public/app/uploads/external/6f5cd02d-YNYRGA_oGIMLyggSNVJ6R130UhOz7Ms3Z2vO6AitEkqCJ79J3B90gYNUelNR,public/app/uploads/external/6f5cd02d-YNYRGA_oGIMLyggSNVJ6R130UhOz7Ms3Z2vO6AitEkqCJ79J3B90gYNUelNR.png
public/app/uploads/external/e184be96-tfAVa0nYK4P3ar9Fi14T5RYqFoOtaweRGbrZaSpk_j_bALSsgFk-M36SkQAR,public/app/uploads/external/e184be96-tfAVa0nYK4P3ar9Fi14T5RYqFoOtaweRGbrZaSpk_j_bALSsgFk-M36SkQAR.png
public/app/uploads/external/b80193d5-RUO4n7aNfcyi2lPOPtsvk3hcmULE2JkGP5iWBCYYueFj0Wi-6BmZEGjIolSe,public/app/uploads/external/b80193d5-RUO4n7aNfcyi2lPOPtsvk3hcmULE2JkGP5iWBCYYueFj0Wi-6BmZEGjIolSe.png
public/app/uploads/external/5ed463b0-aNfnSUpP9y7KlXvYIWSFPXtq9JtKDujT0lh_yBqxjTKZegcLmsOAJbKJXtyc,public/app/uploads/external/5ed463b0-aNfnSUpP9y7KlXvYIWSFPXtq9JtKDujT0lh_yBqxjTKZegcLmsOAJbKJXtyc.png
public/app/uploads/external/3842600d-Nnp2_RK31A6dKaLvlxSJMJgF6mDdmS6xutEsKng7eqEMu4lKMId-fw23n0zl,public/app/uploads/external/3842600d-Nnp2_RK31A6dKaLvlxSJMJgF6mDdmS6xutEsKng7eqEMu4lKMId-fw23n0zl.png
public/app/uploads/external/43316f79-DcGoGWtTZxclZh5WoARbwNPpzcO9Ca75pD20lSyvHu90ZuGCY0TqxowQsUF_,public/app/uploads/external/43316f79-DcGoGWtTZxclZh5WoARbwNPpzcO9Ca75pD20lSyvHu90ZuGCY0TqxowQsUF_.png
public/app/uploads/external/6e75f1bb-xJ6U5zm5okT5lkPoxrRuZg4bRNFedb6aFroZBh4C21YqQhmvORPKd1ngM-R0,public/app/uploads/external/6e75f1bb-xJ6U5zm5okT5lkPoxrRuZg4bRNFedb6aFroZBh4C21YqQhmvORPKd1ngM-R0.png
public/app/uploads/external/fd2a1ea3-uxblkqCAqlIISX7TywcenDwZnqu6ioJXGqK9nDhDLvUkFVJvmJJnPCaxzvwB,public/app/uploads/external/fd2a1ea3-uxblkqCAqlIISX7TywcenDwZnqu6ioJXGqK9nDhDLvUkFVJvmJJnPCaxzvwB.png
public/app/uploads/external/39b6549a-FdBGCJ3noeNvMjtivnrXezogvQvUV-qegbJ2njTD7tD82RIjHnWat0DaSsFq,public/app/uploads/external/39b6549a-FdBGCJ3noeNvMjtivnrXezogvQvUV-qegbJ2njTD7tD82RIjHnWat0DaSsFq.png
public/app/uploads/external/3bd10683-AD_4nXd0ZIoWmztuwOYmd-2dhnAkYGMs2fg3hIvMm6Qcx9BD1HNLtesOkZqL,public/app/uploads/external/3bd10683-AD_4nXd0ZIoWmztuwOYmd-2dhnAkYGMs2fg3hIvMm6Qcx9BD1HNLtesOkZqL.png
public/app/uploads/external/162cf519-AD_4nXfMKYgmgxXR2R3kZfOj9FYnsgGSbyj6b7LTJLuh81W1OABNKbWmDWLb,public/app/uploads/external/162cf519-AD_4nXfMKYgmgxXR2R3kZfOj9FYnsgGSbyj6b7LTJLuh81W1OABNKbWmDWLb.png
public/app/uploads/external/ad073de4-AD_4nXedyPg4NWEhpBfy2ZiAYktWUFOja0_axPHje1-UKV2wqJVlKPsjr0Ej,public/app/uploads/external/ad073de4-AD_4nXedyPg4NWEhpBfy2ZiAYktWUFOja0_axPHje1-UKV2wqJVlKPsjr0Ej.png
public/app/uploads/external/9ebd04fa-AD_4nXcqAkjsbuxWT844CmoHIk_vJZL_ci-2vBcLrjGQdkPiembEUDmuo5Po,public/app/uploads/external/9ebd04fa-AD_4nXcqAkjsbuxWT844CmoHIk_vJZL_ci-2vBcLrjGQdkPiembEUDmuo5Po.png
