from,to
/news/2018/02/01/2018-02-01-ai_new_wmds/,/news/2018/02/01/ai_new_wmds/
/news/2018/10/11/2018-10-11-edward_felten/,/news/2018/10/11/edward_felten/
/news/2020/12/12/caroline-jeanmaire-recognized-in-100-brilliant-women-in-ai-ethics-list/,/news/2020/12/12/caroline-jeanmaire-100-brilliant-women-ai-ethics/
/news/2020/12/20/chai-and-beri-receive-donations/,/news/2020/12/20/chai-beri-donations/
/news/2022/02/17/schmidt-futures-launches-ai2050-to-protect-our-human-future-in-the-age-of-artificial-intelligence%ef%bf%bc/,/news/2022/02/17/schmidt-futures-launches-ai2050-to-protect-our-human-future-in-the-age-of-artificial-intelligence/
/news/2022/02/17/schmidt-futures-launches-ai2050-to-protect-our-human-future-in-the-age-of-artificial-intelligence￼/,/news/2022/02/17/schmidt-futures-launches-ai2050-to-protect-our-human-future-in-the-age-of-artificial-intelligence/
/news/2022/02/24/brian-christian-is-a-panelist-for-the-prince-mahidol-award-conference-2022%ef%bf%bc/,/news/2022/02/24/brian-christian-is-a-panelist-for-the-prince-mahidol-award-conference-2022/
/news/2022/02/24/brian-christian-is-a-panelist-for-the-prince-mahidol-award-conference-2022￼/,/news/2022/02/24/brian-christian-is-a-panelist-for-the-prince-mahidol-award-conference-2022/
/news/2022/07/28/rl-as-a-model-of-agency-workshop-at-rldm-2022%ef%bf%bc/,/news/2022/07/28/rl-as-a-model-of-agency-workshop-at-rldm-2022/
/news/2022/07/28/rl-as-a-model-of-agency-workshop-at-rldm-2022￼/,/news/2022/07/28/rl-as-a-model-of-agency-workshop-at-rldm-2022/
/news/2024/04/06/navigating-our-future-with-ai-a-collaborative-framework-for-responsible-development/,/news/2024/04/06/regulating-advanced-artificial-agents/
/people/5396/,/people/dillon-sandhu/
